{
  "accuracy": 0.8347,
  "f1_macro": 0.816944,
  "precision": 0.818096,
  "recall": 0.821895,
  "auc_roc": 0.928417,
  "confusion_matrix": [
    [
      2436,
      93,
      843
    ],
    [
      75,
      3955,
      130
    ],
    [
      419,
      93,
      1956
    ]
  ],
  "class_names": [
    "Ref",
    "Het",
    "Hom-Alt"
  ]
}